id,naics_code,code_description,num_establishments_2017,value_x1000_2017,payroll_x1000_2017,num_employees_2017,num_establishments_2012,value_x1000_2012,payroll_x1000_2012,num_employees_2012,num_establishments_2007,value_x1000_2007,payroll_x1000_2007,num_employees_2007,num_establishments_2002,value_x1000_2002,payroll_x1000_2002,num_employees_2002
1,21,"Mining, quarrying, and oil and gas extraction",51,83874,14671,701,51,83874,14671,701,47,127640,22016,955,44,107000,18834,949
2,212,Mining (except oil and gas),51,83874,14671,701,47,83148,14590,694,43,125492,21497,930,42,n/d,n/d,n/d
3,22,Utilities,51,83874,14671,701,23,n/d,n/d,n/d,19,640987,16550,335,18,369932,21040,503
4,221,Utilities,51,83874,14671,701,23,n/d,n/d,n/d,19,640987,16550,335,18,369932,21040,503
5,2212,Natural gas distribution,51,83874,14671,701,2,n/d,n/d,n/d,6,6841,796,47,3,1245,158,16
6,2213,"Water, sewage and other systems",51,83874,14671,701,14,4946,1461,59,10,16990,3163,86,11,n/d,n/d,n/d
7,22131,Water supply and irrigation systems,51,83874,14671,701,10,2551,437,28,7,12425,2347,60,n/d,n/d,n/d,n/d
8,23,Construction,51,83874,14671,701,1923,3846704,645262,36814,2826,6404812,997603,58527,2683,5743245,1009747,67288
9,236,Construction of buildings,51,83874,14671,701,815,1843119,306393,19090,1405,3887092,525352,31894,1209,3045244,475162,31891
10,2361,Residential building construction,51,83874,14671,701,521,759002,121798,8674,995,2356200,307661,19241,924,1893283,253291,18661
11,2362,Nonresidential building construction,51,83874,14671,701,294,1084117,184594,10416,410,1530892,217692,12653,285,1151961,221871,13230
12,23621,Industrial building construction,51,83874,14671,701,53,200195,50713,2567,89,629127,94075,4476,66,n/d,n/d,n/d
13,23622,Commercial and institutional building construction,51,83874,14671,701,241,883921,133882,7849,321,901765,123617,8177,219,n/d,n/d,n/d
14,237,Heavy and civil engineering construction,51,83874,14671,701,203,721452,102347,5033,283,754119,118055,6534,291,1001049,165408,10802
15,2371,Utility system construction,51,83874,14671,701,60,74916,16943,663,75,145197,23713,1131,49,250137,46228,2724
16,23711,Water and sewer line and related structures construction,51,83874,14671,701,38,63555,14238,565,39,62249,11652,666,27,n/d,n/d,n/d
17,23713,Power and communication line and related structures construction,51,83874,14671,701,22,11360,2706,99,35,82448,11900,462,21,n/d,n/d,n/d
18,2372,Land subdivision,51,83874,14671,701,35,25727,3781,229,65,80047,10491,559,74,160401,14610,918
19,2373,"Highway, street, and bridge construction",51,83874,14671,701,80,581049,71967,3599,119,499197,78260,4509,123,371943,70153,4896
20,2379,Other heavy and civil engineering construction,51,83874,14671,701,28,39759,9655,542,24,29678,5591,335,45,218568,34417,2264
21,238,Specialty trade contractors,51,83874,14671,701,905,1282132,236522,12691,1138,1763601,354196,20099,1183,1696952,369177,24595
22,2381,"Foundation, structure, and building exterior contractors",51,83874,14671,701,223,347551,47444,3455,211,316722,61327,3832,278,n/d,n/d,n/d
23,23811,Poured concrete foundation and structure contractors,51,83874,14671,701,91,190312,27396,2296,52,138622,28255,1676,72,225170,48294,3866
24,23812,Structural steel and precast concrete contractors,51,83874,14671,701,24,28694,3949,170,34,47593,6990,375,45,n/d,n/d,n/d
25,23813,Framing contractors,51,83874,14671,701,1,n/d,n/d,n/d,6,2068,554,39,15,n/d,n/d,n/d
26,23814,Masonry contractors,51,83874,14671,701,10,12998,1391,84,19,25256,4536,327,29,23887,3760,358
27,23815,Glass and glazing contractors,51,83874,14671,701,14,8307,1491,104,11,6644,1334,97,14,n/d,n/d,n/d
28,23816,Roofing contractors,51,83874,14671,701,67,90599,10344,635,72,67639,11458,828,91,n/d,n/d,n/d
29,23819,"Other foundation, structure, and building exterior contractors",51,83874,14671,701,15,16344,2845,164,15,19338,5252,338,11,n/d,n/d,n/d
30,2382,Building equipment contractors,51,83874,14671,701,496,768738,155618,7169,657,1112220,239052,12876,617,938529,214504,13271
31,23821,Electrical contractors and other wiring installation contractors,51,83874,14671,701,274,376130,97374,4557,383,673620,152560,7936,380,582644,139680,8831
32,23822,"Plumbing, heating, and air-conditioning contractors",51,83874,14671,701,183,319427,40214,2139,235,376520,73022,4308,217,n/d,n/d,n/d
33,23829,Other building equipment contractors,51,83874,14671,701,39,73180,18029,472,39,62079,13471,630,20,n/d,n/d,n/d
34,2383,Building finishing contractors,51,83874,14671,701,125,80943,19007,1368,158,132948,22455,1549,177,161513,28523,2173
35,23831,Drywall and insulation contractors,51,83874,14671,701,28,28602,6985,571,36,51639,6860,464,48,79263,14918,910
36,23832,Painting and wall covering contractors,51,83874,14671,701,39,23010,5740,442,53,29447,7408,588,72,45550,8156,889
37,23833,Flooring contractors,51,83874,14671,701,12,2945,1336,71,13,11669,2416,122,13,n/d,n/d,n/d
38,23834,Tile and terrazzo contractors,51,83874,14671,701,8,4660,1479,79,16,19687,1988,103,18,17507,2259,157
39,23835,Finish carpentry contractors,51,83874,14671,701,25,4884,1248,90,28,13211,2233,164,19,n/d,n/d,n/d
40,23839,Other building finishing contractors,51,83874,14671,701,13,16841,2219,116,12,7295,1552,108,7,n/d,n/d,n/d
41,2389,Other specialty trade contractors,51,83874,14671,701,61,84901,14453,699,112,201711,31361,1842,111,n/d,n/d,n/d
42,23891,Site preparation contractors,51,83874,14671,701,35,69075,9663,405,61,141736,19489,1030,55,n/d,n/d,n/d
43,23899,All other specialty trade contractors,51,83874,14671,701,26,15825,4790,295,51,59975,11871,812,56,n/d,n/d,n/d
44,31-33,Manufacturing,51,83874,14671,701,1653,76575043,2874752,83830,2151,80172049,3453392,110691,2195,58580060,3130631,126707
45,311,Food manufacturing,51,83874,14671,701,368,6184530,261369,10218,394,2994957,218946,10760,446,4883924,230955,14509
46,3111,Animal food manufacturing,51,83874,14671,701,9,168449,6642,240,12,160813,8608,364,13,133326,8507,587
47,3112,Grain and oilseed milling,51,83874,14671,701,4,133676,8204,190,6,335993,9348,325,5,n/d,n/d,n/d
48,3113,Sugar and confectionery product manufacturing,51,83874,14671,701,22,97156,5909,283,26,86412,7669,409,27,200648,23395,1143
49,31133,Confectionery manufacturing from purchased chocolate,51,83874,14671,701,n/d,n/d,n/d,n/d,4,6604,890,111,6,n/d,n/d,n/d
50,31134,Nonchocolate confectionery manufacturing,51,83874,14671,701,15,29701,3660,165,16,33032,4893,207,16,181049,20416,811
51,3114,Fruit and vegetable preserving and specialty food manufacturing,51,83874,14671,701,9,137841,11200,394,18,154961,13365,656,31,248249,25594,1638
52,31141,Frozen food manufacturing,51,83874,14671,701,8,81157,3845,238,13,83965,6030,417,14,28365,4200,381
53,3115,Dairy product manufacturing,51,83874,14671,701,21,487338,50003,1783,24,431975,43534,1484,17,n/d,n/d,n/d
54,31151,Dairy product (except frozen) manufacturing,51,83874,14671,701,13,483079,49129,1735,15,428199,42936,1419,6,n/d,n/d,n/d
55,31152,Ice cream and frozen dessert manufacturing,51,83874,14671,701,8,4259,874,47,9,3776,597,65,11,6727,977,134
56,3116,Animal slaughtering and processing,51,83874,14671,701,9,161860,12558,564,9,165983,16760,888,20,163475,23375,1385
57,3118,Bakeries and tortilla manufacturing,51,83874,14671,701,226,338803,68891,4090,238,290898,70971,4546,273,335678,47697,4988
58,31181,Bread and bakery product manufacturing,51,83874,14671,701,211,268614,57721,3526,220,232287,56981,3765,260,279819,34112,3893
59,31182,"Cookie, cracker, and pasta manufacturing",51,83874,14671,701,12,68115,10731,511,15,46447,10723,556,11,n/d,n/d,n/d
60,3119,Other food manufacturing,51,83874,14671,701,66,4586581,93683,2493,60,1244362,43710,1741,58,3333890,56028,2423
61,31191,Snack food manufacturing,51,83874,14671,701,3,n/d,n/d,n/d,5,35769,1388,47,2,n/d,n/d,n/d
62,31192,Coffee and tea manufacturing,51,83874,14671,701,4,n/d,n/d,n/d,11,116292,4154,232,11,86725,6100,398
63,31194,Seasoning and dressing manufacturing,51,83874,14671,701,8,12027,707,53,8,31471,1750,115,9,11933,1151,78
64,31199,All other food manufacturing,51,83874,14671,701,45,447951,34663,1460,30,189419,16267,892,28,n/d,n/d,n/d
65,312,Beverage and tobacco product manufacturing,51,83874,14671,701,66,815676,87908,2789,76,3826463,141622,4495,57,1547995,102833,3859
66,3121,Beverage manufacturing,51,83874,14671,701,63,695174,66353,2020,72,3556055,98935,2878,51,1235303,66255,2375
67,31211,Soft drink and ice manufacturing,51,83874,14671,701,50,411755,27054,1306,63,3132026,57729,2016,44,n/d,n/d,n/d
68,313,Textile mills,51,83874,14671,701,4,1898,271,25,8,1845,214,16,8,4946,737,61
69,3132,Fabric mills,51,83874,14671,701,3,1072,n/d,n/d,6,1134,175,n/d,4,n/d,n/d,n/d
70,314,Textile product mills,51,83874,14671,701,41,94789,19425,1144,46,36217,7495,556,46,93872,21858,1782
71,3141,Textile furnishings mills,51,83874,14671,701,21,19264,4202,305,26,14283,3627,273,27,66276,13875,1196
72,31411,Carpet and rug mills,51,83874,14671,701,3,4268,1058,n/d,4,4914,1605,82,4,5580,2579,138
73,31412,Curtain and linen mills,51,83874,14671,701,18,14997,3144,251,22,9368,2022,192,23,60696,11296,1058
74,3149,Other textile product mills,51,83874,14671,701,20,75524,15222,839,20,21934,3867,282,19,27596,7983,586
75,31491,Textile bag and canvas mills,51,83874,14671,701,5,13460,1237,63,6,3328,1014,73,5,10597,2953,230
76,31499,All other textile product mills,51,83874,14671,701,15,62064,13986,777,14,18606,2853,209,14,16999,5030,356
77,315,Apparel manufacturing,51,83874,14671,701,73,825807,137786,9172,106,693673,112205,8340,122,725181,161743,9731
78,3151,Apparel knitting mills,51,83874,14671,701,6,4665,1924,68,6,3354,1450,79,1,n/d,n/d,n/d
79,31519,Other apparel knitting mills,51,83874,14671,701,6,4665,1924,68,6,3354,1450,79,1,n/d,n/d,n/d
80,3152,Cut and sew apparel manufacturing,51,83874,14671,701,64,715609,101140,6934,96,647108,101184,7608,113,n/d,n/d,n/d
81,31521,Cut and sew apparel contractors,51,83874,14671,701,24,287765,44953,2864,26,216066,37792,2828,21,62289,14472,824
82,31522,Men's and boys' cut and sew apparel manufacturing,51,83874,14671,701,19,323376,42107,3133,24,226573,26045,1905,21,n/d,n/d,n/d
83,31523,Women's and girls' cut and sew apparel manufacturing,51,83874,14671,701,n/d,n/d,n/d,n/d,24,119425,14813,1110,46,436216,95646,4233
84,31529,Other cut and sew apparel manufacturing,51,83874,14671,701,n/d,n/d,n/d,n/d,22,85044,22534,1765,25,79632,16251,1569
85,316,Leather and allied product manufacturing,51,83874,14671,701,8,87034,16981,1302,9,60093,14222,982,12,186154,24045,1472
86,3162,Footwear manufacturing,51,83874,14671,701,5,84599,15868,1229,5,50834,11023,849,7,n/d,n/d,n/d
87,3169,Other leather and allied product manufacturing,51,83874,14671,701,3,2434,1112,72,4,9259,3199,133,4,n/d,n/d,n/d
88,321,Wood product manufacturing,51,83874,14671,701,60,98703,12983,670,70,102842,10955,686,74,166921,20127,1502
89,3211,Sawmills and wood preservation,51,83874,14671,701,6,46622,1778,78,6,44923,1338,83,4,n/d,n/d,n/d
90,3212,"Veneer, plywood, and engineered wood product manufacturing",51,83874,14671,701,11,3066,823,50,12,19932,2960,168,12,n/d,n/d,n/d
91,3219,Other wood product manufacturing,51,83874,14671,701,43,49015,10382,542,52,37987,6657,435,58,140443,15620,1134
92,32191,Millwork,51,83874,14671,701,22,8855,2247,148,19,7303,1492,117,24,31589,5057,410
93,32192,Wood container and pallet manufacturing,51,83874,14671,701,4,16548,1863,83,5,16056,1717,100,8,23631,2875,209
94,32199,All other wood product manufacturing,51,83874,14671,701,17,23613,6273,312,28,14629,3449,219,26,85223,7688,515
95,322,Paper manufacturing,51,83874,14671,701,31,238029,37538,1246,44,260707,36565,1596,44,284433,45376,2012
96,3221,"Pulp, paper, and paperboard mills",51,83874,14671,701,2,n/d,n/d,n/d,4,4488,650,57,4,41342,2927,214
97,3222,Converted paper product manufacturing,51,83874,14671,701,29,232621,36754,1187,40,256220,35915,1539,40,243091,42449,1798
98,32221,Paperboard container manufacturing,51,83874,14671,701,13,135223,20620,695,17,157777,20840,930,22,174022,31111,1246
99,32222,Paper bag and coated and treated paper manufacturing,51,83874,14671,701,4,11357,1626,79,6,32166,3441,186,7,43868,6804,287
100,32223,Stationery product manufacturing,51,83874,14671,701,6,10732,2226,92,10,15645,2745,192,9,n/d,n/d,n/d
101,32229,Other converted paper product manufacturing,51,83874,14671,701,6,n/d,n/d,n/d,7,50630,8888,230,2,n/d,n/d,n/d
102,323,Printing and related support activities,51,83874,14671,701,147,224760,47068,2049,189,237799,54294,2521,181,285393,56843,3182
103,3231,Printing and related support activities,51,83874,14671,701,147,224760,47068,2049,189,237799,54294,2521,181,285393,56843,3182
104,32311,Printing,51,83874,14671,701,127,199533,42286,1856,172,207246,47481,2250,164,247620,49828,2865
105,32312,Support activities for printing,51,83874,14671,701,20,25228,4782,192,17,30552,6813,270,17,37773,7015,317
106,324,Petroleum and coal products manufacturing,51,83874,14671,701,29,1863170,18363,737,33,3946820,37985,952,32,1525356,48229,1374
107,3241,Petroleum and coal products manufacturing,51,83874,14671,701,29,1863170,18363,737,33,3946820,37985,952,32,1525356,48229,1374
108,32411,Petroleum refineries,51,83874,14671,701,2,n/d,n/d,n/d,8,3727701,20509,n/d,9,798245,26353,554
109,32412,"Asphalt paving, roofing,51,83874,14671,701, and saturated materials manufacturing",51,83874,14671,701,23,266321,12993,577,22,214175,16676,568,19,n/d,n/d,n/d
110,32419,Other petroleum and coal products manufacturing,51,83874,14671,701,4,n/d,n/d,n/d,3,4945,801,41,4,n/d,n/d,n/d
111,325,Chemical manufacturing,51,83874,14671,701,109,52141139,1123672,17466,151,52063586,1568221,30841,154,39808729,1228680,28937
112,3251,Basic chemical manufacturing,51,83874,14671,701,9,58583,8018,179,18,147333,14970,481,14,49419,6733,290
113,32519,Other basic organic chemical manufacturing,51,83874,14671,701,1,n/d,n/d,n/d,3,3166,624,30,1,n/d,n/d,n/d
114,3252,"Resin, synthetic rubber, and artificial synthetic fibers and filaments manufacturing",51,83874,14671,701,2,n/d,n/d,n/d,5,229553,39792,1503,4,n/d,n/d,n/d
115,3254,Pharmaceutical and medicine manufacturing,51,83874,14671,701,46,50892509,1022042,14097,65,50404540,1418103,25550,74,38446602,1109166,25036
116,3255,"Paint, coating, and adhesive manufacturing",51,83874,14671,701,20,293238,41020,1510,24,246842,32099,1481,20,214620,33000,1112
117,32551,Paint and coating manufacturing,51,83874,14671,701,11,212708,27091,1123,15,154748,17955,1053,13,135113,18427,652
118,32552,Adhesive manufacturing,51,83874,14671,701,9,80530,13928,387,9,92094,14145,428,7,79507,14573,460
119,3256,"Soap, cleaning compound, and toilet preparation manufacturing",51,83874,14671,701,22,417205,37662,1247,27,763538,52718,1562,32,886493,68012,2040
120,32561,Soap and cleaning compound manufacturing,51,83874,14671,701,16,140440,11775,391,19,131883,15038,375,22,120140,11494,460
121,32562,Toilet preparation manufacturing,51,83874,14671,701,6,276765,25886,856,8,631654,37681,1188,10,766353,56518,1580
122,3259,Other chemical product and preparation manufacturing,51,83874,14671,701,8,49963,7481,294,7,52470,2947,100,5,37547,1941,75
123,326,Plastics and rubber products manufacturing,51,83874,14671,701,48,435862,54102,1788,66,424286,56681,2426,67,499007,82411,3754
124,3261,Plastics product manufacturing,51,83874,14671,701,39,426156,52326,1707,55,412297,54040,2266,57,485671,78013,3573
125,3262,Rubber product manufacturing,51,83874,14671,701,9,9706,1776,81,11,11988,2640,159,10,13336,4398,181
126,327,Nonmetallic mineral product manufacturing,51,83874,14671,701,117,365630,58058,2286,166,586346,102050,4401,157,529642,82210,3956
127,3271,Clay product and refractory manufacturing,51,83874,14671,701,5,4176,260,n/d,9,3292,508,n/d,3,n/d,n/d,n/d
128,3272,Glass and glass product manufacturing,51,83874,14671,701,4,5249,1204,72,7,24343,6535,254,4,41364,6590,310
129,3273,Cement and concrete product manufacturing,51,83874,14671,701,97,350138,55196,2121,134,544529,92350,3915,138,468368,68933,3328
130,32731,Cement manufacturing,51,83874,14671,701,9,118359,16722,429,11,188830,27497,677,3,n/d,n/d,n/d
131,32732,Ready-mix concrete manufacturing,51,83874,14671,701,47,149076,20155,751,67,237107,37491,1576,77,268887,35373,1466
132,32733,"Concrete pipe, brick, and block manufacturing",51,83874,14671,701,20,29384,5547,333,30,54726,11329,717,31,n/d,n/d,n/d
133,32739,Other concrete product manufacturing,51,83874,14671,701,21,53319,12771,610,26,63867,16033,947,27,86267,15246,1031
134,3279,Other nonmetallic mineral product manufacturing,51,83874,14671,701,11,6066,1397,79,16,14181,2656,188,11,17080,5985,241
135,331,Primary metal manufacturing,51,83874,14671,701,43,113258,12736,792,23,95689,8921,511,34,75152,12508,973
136,3311,Iron and steel mills and ferroalloy manufacturing,51,83874,14671,701,15,38120,5229,253,8,39216,3671,195,14,34131,4547,326
137,3313,Alumina and aluminum production and processing,51,83874,14671,701,17,19242,5116,342,3,7580,350,31,10,n/d,n/d,n/d
138,3314,Nonferrous metal (except aluminum) production and processing,51,83874,14671,701,3,n/d,n/d,n/d,4,3245,337,25,2,n/d,n/d,n/d
139,3315,Foundries,51,83874,14671,701,4,23703,1679,110,7,45172,4515,254,1,n/d,n/d,n/d
140,332,Fabricated metal product manufacturing,51,83874,14671,701,197,481938,81175,4200,308,1055388,128352,7077,289,782960,105703,6960
141,3321,Forging and stamping,51,83874,14671,701,9,9497,1444,82,17,16701,3529,188,17,26288,4076,271
142,3323,Architectural and structural metals manufacturing,51,83874,14671,701,102,251985,48252,2572,172,409451,64274,4331,165,350791,60925,3966
143,3324,"Boiler, tank, and shipping container manufacturing",51,83874,14671,701,10,67986,8755,357,15,84035,11972,453,15,248025,12034,537
144,33243,"Metal can, box, and other metal container (light gauge) manufacturing",51,83874,14671,701,7,50563,3501,151,13,82052,11506,431,14,n/d,n/d,n/d
145,3326,Spring and wire product manufacturing,51,83874,14671,701,3,1764,284,32,6,5329,767,62,3,6841,995,99
146,3327,"Machine shops; turned product; and screw, nut, and bolt manufacturing",51,83874,14671,701,29,12765,3103,168,35,54553,13279,675,35,24265,5608,427
147,33271,Machine shops,51,83874,14671,701,16,2870,730,66,15,3215,841,67,11,4017,739,62
148,33272,"Turned product and screw, nut, and bolt manufacturing",51,83874,14671,701,13,9895,2374,103,20,51338,12438,607,24,20248,4869,365
149,3328,"Coating, engraving, heat treating, and allied activities",51,83874,14671,701,7,15871,3622,164,12,16941,3977,195,15,23699,5839,376
150,3329,Other fabricated metal product manufacturing,51,83874,14671,701,31,110318,14609,742,39,155213,17247,853,31,71149,12774,977
151,333,Machinery manufacturing,51,83874,14671,701,41,734124,64937,2426,45,355071,33062,1200,42,284538,30918,1697
152,3333,Commercial and service industry machinery manufacturing,51,83874,14671,701,6,10869,1414,92,6,6516,655,32,4,4742,750,32
153,3334,"Ventilation, heating, air-conditioning, and commercial refrigeration equipment manufacturing",51,83874,14671,701,13,n/d,n/d,n/d,16,289015,24362,825,15,n/d,n/d,n/d
154,3335,Metalworking machinery manufacturing,51,83874,14671,701,12,21907,2910,189,14,20935,2339,145,15,51739,10675,707
155,3339,Other general purpose machinery manufacturing,51,83874,14671,701,9,296911,47626,1506,6,38232,5584,184,3,n/d,n/d,n/d
156,334,Computer and electronic product manufacturing,51,83874,14671,701,30,1426791,124618,3442,36,4611076,208573,6235,49,2288076,282068,10905
157,3344,Semiconductor and other electronic component manufacturing,51,83874,14671,701,5,434214,14677,804,9,1356346,48667,1562,24,1554464,177192,6382
158,3345,"Navigational, measuring, electromedical, and control instruments manufacturing",51,83874,14671,701,16,343403,58803,1800,12,790160,46140,1959,11,250422,29509,1296
159,335,"Electrical equipment, appliance, and component manufacturing",51,83874,14671,701,35,1226859,126829,4121,41,1115786,138164,6062,41,1100588,155024,7084
160,3351,Electric lighting equipment manufacturing,51,83874,14671,701,8,120887,9149,395,8,128465,17101,759,6,n/d,n/d,n/d
161,3353,Electrical equipment manufacturing,51,83874,14671,701,20,1006920,101359,3087,26,834279,97894,4246,29,846763,118727,5258
162,336,Transportation equipment manufacturing,51,83874,14671,701,16,19921,4035,226,21,175395,39474,1342,19,138842,25813,1646
163,3362,Motor vehicle body and trailer manufacturing,51,83874,14671,701,2,n/d,n/d,n/d,3,1524,319,25,1,n/d,n/d,n/d
164,3363,Motor vehicle parts manufacturing,51,83874,14671,701,8,13538,3011,186,13,85573,10963,451,13,124116,23021,1463
165,3366,Ship and boat building,51,83874,14671,701,4,834,136,n/d,3,2142,463,29,4,n/d,n/d,n/d
166,337,Furniture and related product manufacturing,51,83874,14671,701,81,110048,19216,1265,184,167664,32267,2334,183,131619,28635,2784
167,3371,Household and institutional furniture and kitchen cabinet manufacturing,51,83874,14671,701,60,72580,13340,903,145,118856,22513,1788,154,90265,21805,2228
168,33711,Wood kitchen cabinet and countertop manufacturing,51,83874,14671,701,35,19210,5030,400,78,53475,10870,908,75,24103,8168,573
169,33712,Household and institutional furniture manufacturing,51,83874,14671,701,25,53370,8310,503,67,65380,11643,880,79,66162,13637,1655
170,3372,Office furniture (including fixtures) manufacturing,51,83874,14671,701,9,21510,3810,226,21,33431,7173,358,16,20779,3432,322
171,3379,Other furniture related product manufacturing,51,83874,14671,701,12,15957,2066,135,18,15375,2579,186,13,20575,3398,234
172,339,Miscellaneous manufacturing,51,83874,14671,701,109,9085080,565682,16467,135,7360346,503123,17360,138,3236732,383915,18527
173,3391,Medical equipment and supplies manufacturing,51,83874,14671,701,70,8832408,537679,15666,81,7287289,481989,16365,81,2982585,343164,16241
174,33911,Medical equipment and supplies manufacturing,51,83874,14671,701,70,8832408,537679,15666,81,7287289,481989,16365,81,2982585,343164,16241
175,3399,Other miscellaneous manufacturing,51,83874,14671,701,39,252672,28004,802,54,73056,21134,994,57,254147,40751,2286
176,33991,Jewelry and silverware manufacturing,51,83874,14671,701,5,6892,1401,60,10,36699,11000,493,15,93461,14047,684
177,33993,"Doll, toy, and game manufacturing",51,83874,14671,701,2,n/d,n/d,n/d,5,2355,495,42,1,n/d,n/d,n/d
178,33994,Office supplies (except paper) manufacturing,51,83874,14671,701,5,571,162,15,4,1137,446,21,5,58540,7501,615
179,33995,Sign manufacturing,51,83874,14671,701,21,38720,8637,401,30,29207,8201,397,23,n/d,n/d,n/d
180,42,Wholesale trade,51,83874,14671,701,1988,20184374,1120124,31462,2229,27540009,1218670,36107,2313,16172710,1009360,39316
181,423,"Merchant wholesalers, durable goods",51,83874,14671,701,1052,6047202,429682,11963,1149,7822433,461239,14688,1200,5535557,430155,17704
182,4231,Motor vehicle and motor vehicle parts and supplies merchant wholesalers,51,83874,14671,701,112,1336264,48346,1605,132,2038308,61941,2233,140,1915085,61840,2427
183,42311,Automobile and other motor vehicle merchant wholesalers,51,83874,14671,701,13,1062682,21431,414,15,1681397,24288,668,26,1583576,25798,777
184,42312,Motor vehicle supplies and new parts merchant wholesalers,51,83874,14671,701,61,162089,17418,755,77,225344,26401,1051,82,241870,28713,1276
185,42313,Tire and tube merchant wholesaler,51,83874,14671,701s,25,93801,8031,358,27,98890,7879,371,19,76063,5876,299
186,42314,Motor vehicle parts (used) merchant wholesalers,51,83874,14671,701,13,17690,1465,78,13,32676,3372,143,13,13576,1453,75
187,4232,Furniture and home furnishing merchant wholesalers,51,83874,14671,701,47,62195,8772,380,57,89601,9715,449,58,164586,13927,757
188,42321,Furniture merchant wholesalers,51,83874,14671,701,26,38763,4398,191,30,46253,5220,267,31,106800,8470,450
189,42322,Home furnishing merchant wholesalers,51,83874,14671,701,21,23432,4373,189,27,43348,4494,181,27,57786,5457,307
190,4233,Lumber and other construction materials merchant wholesalers,51,83874,14671,701,64,142795,16173,600,81,411436,31259,1234,83,322958,23744,1307
191,42331,"Lumber, plywood, millwork, and wood panel merchant wholesalers",51,83874,14671,701,16,44127,4937,170,23,168831,9616,423,25,130676,7643,399
192,42332,"Brick, stone, and related construction material merchant wholesalers",51,83874,14671,701,25,36850,5041,217,26,47981,7323,244,25,n/d,n/d,n/d
193,42339,Other construction material merchant wholesalers,51,83874,14671,701,20,59117,6081,210,30,192615,14099,555,31,151813,12749,715
194,4234,Professional and commercial equipment and supplies merchant wholesalers,51,83874,14671,701,215,2463563,159870,3077,235,2679895,136355,3102,281,1144019,144250,5222
195,42341,Photographic equipment and supplies merchant wholesalers,51,83874,14671,701,2,n/d,n/d,n/d,3,32333,2264,50,7,31411,3350,64
196,42342,Office equipment merchant wholesalers,51,83874,14671,701,36,84634,18690,516,39,149438,24864,546,46,178127,24150,792
197,42343,Computer and computer peripheral equipment and software merchant wholesalers,51,83874,14671,701,21,205601,29117,330,27,286425,30893,486,40,285438,35477,1286
198,42344,Other commercial equipment merchant wholesalers,51,83874,14671,701,31,35435,5644,198,39,41964,5906,286,34,58039,5740,335
199,42345,"Medical, dental, and hospital equipment and supplies merchant wholesalers",51,83874,14671,701,102,2023515,89996,1606,101,2024051,56646,1239,124,479085,64697,2406
200,42346,Ophthalmic goods merchant wholesalers,51,83874,14671,701,6,n/d,n/d,n/d,6,2097,267,12,10,9591,1630,56
201,42349,Other professional equipment and supplies merchant wholesalers,51,83874,14671,701,17,56705,9391,301,20,143588,15515,482,20,102328,9206,283
202,4235,Metal and mineral (except petroleum) merchant wholesalers,51,83874,14671,701,25,87411,14291,546,34,174791,12005,604,35,122778,10451,586
203,42351,Metal service centers and other metal merchant wholesalers,51,83874,14671,701,22,85879,14018,531,32,172736,11708,584,31,120212,10004,552
204,4236,Electrical and electronic goods merchant wholesalers,51,83874,14671,701,135,523380,49381,1326,153,940753,57591,1764,138,622463,48818,1816
205,42361,"Electrical apparatus and equipment, wiring supplies, and related equipment merchant wholesalers",51,83874,14671,701,76,238216,24447,684,86,369770,26767,802,65,218300,18324,755
206,42362,"Electrical and electronic appliance, television, and radio set merchant wholesalers",51,83874,14671,701,17,122836,11702,332,27,173086,15240,499,20,243605,17578,610
207,42369,Other electronic parts and equipment merchant wholesalers,51,83874,14671,701,42,162327,13231,310,40,397896,15584,463,53,160558,12916,451
208,4237,"Hardware, plumbing and heating equipment and supplies merchant wholesalers",51,83874,14671,701,137,369076,54997,1462,148,546853,55563,1941,138,437530,42456,1766
209,42371,Hardware merchant wholesalers,51,83874,14671,701,70,186339,21848,831,80,274199,28216,1173,77,231124,23772,1129
210,42372,Plumbing and heating equipment and supplies (hydronics) merchant wholesalers,51,83874,14671,701,26,84387,5704,236,32,165109,14868,451,25,90528,7347,305
211,42373,Warm air heating and air-conditioning equipment and supplies merchant wholesalers,51,83874,14671,701,32,79928,25429,335,27,94823,11262,269,23,93644,9752,249
212,42374,Refrigeration equipment and supplies merchant wholesalers,51,83874,14671,701,9,18421,2013,59,9,12722,1217,49,13,22234,1585,83
213,4238,"Machinery, equipment, and supplies merchant wholesalers",51,83874,14671,701,175,836114,53580,1813,197,700855,73098,2222,193,561616,64072,2703
214,42381,Construction and mining (except oil well) machinery and equipment merchant wholesalers,51,83874,14671,701,33,110512,13527,467,31,175658,14498,464,26,83824,8075,450
215,42382,Farm and garden machinery and equipment merchant wholesalers,51,83874,14671,701,13,n/d,n/d,n/d,10,24993,2477,93,16,42022,3851,164
216,42383,Industrial machinery and equipment merchant wholesalers,51,83874,14671,701,69,143952,23955,769,90,241151,31906,938,90,269965,32821,1295
217,42384,Industrial supplies merchant wholesalers,51,83874,14671,701,35,87915,10214,319,29,120692,9688,264,19,36822,3996,204
218,42385,Service establishment equipment and supplies merchant wholesalers,51,83874,14671,701,20,27239,2740,157,31,131028,13982,437,39,123858,14789,560
219,42386,Transportation equipment and supplies (except motor vehicle) merchant wholesalers,51,83874,14671,701,5,1904,278,n/d,6,7332,545,25,3,5125,540,30
220,4239,Miscellaneous durable goods merchant wholesalers,51,83874,14671,701,142,226406,24271,1152,112,239941,23711,1136,134,244522,20597,1120
221,42391,Sporting and recreational goods and supplies merchant wholesalers,51,83874,14671,701,22,32647,4054,151,19,48709,5354,231,19,59657,4995,229
222,42392,Toy and hobby goods and supplies merchant wholesalers,51,83874,14671,701,14,15940,1906,96,13,20171,2524,124,15,43858,2805,117
223,42393,Recyclable material merchant wholesalers,51,83874,14671,701,27,77689,4382,235,24,80404,4481,267,37,57289,4558,314
224,42394,"Jewelry, watch, precious stone, and precious metal merchant wholesalers",51,83874,14671,701,38,63012,7447,360,20,33050,3357,160,15,14850,1977,72
225,42399,Other miscellaneous durable goods merchant wholesalers,51,83874,14671,701,41,37117,6482,310,36,57607,7996,353,48,68868,6262,388
226,424,"Merchant wholesalers, nondurable goods",51,83874,14671,701,855,14102611,681252,19200,972,19534676,745605,20896,981,10173461,552964,20481
227,4241,Paper and paper product merchant wholesalers,51,83874,14671,701,68,348818,31914,1029,82,343524,31354,992,70,577723,40310,1409
228,4242,Drugs and druggists' sundries merchant wholesalers,51,83874,14671,701,110,3064263,187962,3785,130,10504141,322869,5940,113,3044339,191278,4790
229,4243,"Apparel, piece goods, and notions merchant wholesalers",51,83874,14671,701,97,148663,17958,944,107,350570,20491,1047,135,207541,17965,1228
230,42431,"Piece goods, notions, and other dry goods merchant wholesalers",51,83874,14671,701,17,16224,2243,116,14,19567,2731,147,n/d,n/d,n/d,n/d
231,42432,Men's and boys' clothing and furnishings merchant wholesalers,51,83874,14671,701,15,49870,2868,108,24,91495,4606,163,n/d,n/d,n/d,n/d
232,42433,"Women's, children's, and infants' clothing and accessories merchant wholesalers",51,83874,14671,701,52,72468,10733,622,56,211507,10531,622,n/d,n/d,n/d,n/d
233,42434,Footwear merchant wholesalers,51,83874,14671,701,13,10102,2114,99,13,28002,2621,115,n/d,n/d,n/d,n/d
234,4244,Grocery and related product merchant wholesalers,51,83874,14671,701,304,3695342,249669,8200,329,3782675,216810,8227,299,2838221,172047,8112
235,42441,General line grocery merchant wholesalers,51,83874,14671,701,81,1606493,68141,2310,102,1416882,68174,2604,n/d,n/d,n/d,n/d
236,42442,Packaged frozen food merchant wholesalers,51,83874,14671,701,17,176992,16942,557,15,198799,12661,434,n/d,n/d,n/d,n/d
237,42443,Dairy product (except dried or canned) merchant wholesalers,51,83874,14671,701,11,69286,7484,295,18,71081,6949,273,n/d,n/d,n/d,n/d
238,42445,Confectionery merchant wholesalers,51,83874,14671,701,20,237917,15216,435,24,158782,13013,446,n/d,n/d,n/d,n/d
239,42446,Fish and seafood merchant wholesalers,51,83874,14671,701,5,59217,3438,110,10,90502,3713,150,n/d,n/d,n/d,n/d
240,42447,Meat and meat product merchant wholesalers,51,83874,14671,701,15,319721,18531,645,13,93012,6939,253,n/d,n/d,n/d,n/d
241,42448,Fresh fruit and vegetable merchant wholesalers,51,83874,14671,701,33,268992,18147,828,39,294269,16791,851,n/d,n/d,n/d,n/d
242,42449,Other grocery and related products merchant wholesalers,51,83874,14671,701,121,954513,100887,2995,105,1275070,76308,2707,n/d,n/d,n/d,n/d
243,4245,Farm product raw material merchant wholesalers,51,83874,14671,701,6,3252,223,17,7,12117,522,35,10,14727,651,54
244,4246,Chemical and allied products merchant wholesalers,51,83874,14671,701,85,509548,42664,991,100,469428,26595,844,100,370832,25049,1008
245,42461,Plastics materials and basic forms and shapes merchant wholesalers,51,83874,14671,701,22,60893,4906,166,22,88086,5183,152,22,76019,3466,152
246,42469,Other chemical and allied products merchant wholesalers,51,83874,14671,701,63,448656,37757,825,78,381343,21412,692,78,294813,21583,856
247,4247,Petroleum and petroleum products merchant wholesalers,51,83874,14671,701,54,3674772,31151,672,69,2398813,33508,930,97,1571441,25894,1141
248,4248,"Beer, wine, and distilled alcoholic beverage merchant wholesalers",51,83874,14671,701,24,1988680,56340,1670,25,889117,56060,1366,33,955916,45056,1239
249,4249,Miscellaneous nondurable goods merchant wholesalers,51,83874,14671,701,107,669273,63372,1894,123,784290,37397,1514,124,592721,34714,1500
250,42491,Farm supplies merchant wholesalers,51,83874,14671,701,7,3530,590,38,14,19130,1564,83,14,25846,1995,104
251,42492,"Book, periodical, and newspaper merchant wholesalers",51,83874,14671,701,18,80556,12518,411,34,50212,8283,307,32,85478,10802,411
252,42493,"Flower, nursery stock, and florists' supplies merchant wholesalers",51,83874,14671,701,24,96699,3633,153,19,140861,2862,161,24,172232,4504,280
253,42494,Tobacco and tobacco product merchant wholesalers,51,83874,14671,701,21,422382,33436,771,21,435508,14443,310,7,204556,9709,216
254,42495,"Paint, varnish, and supplies merchant wholesalers",51,83874,14671,701,10,16614,2573,119,12,11684,1007,44,5,5863,528,26
255,42499,Other miscellaneous nondurable goods merchant wholesalers,51,83874,14671,701,27,49491,10621,401,23,126894,9238,610,42,98746,7176,463
256,425,Wholesale electronic markets and agents and brokers,51,83874,14671,701,81,34559,9190,299,108,182900,11826,524,132,463692,26241,1131
257,4251,Wholesale electronic markets and agents and brokers,51,83874,14671,701,81,34559,9190,299,108,182900,11826,524,132,463692,26241,1131
258,44-45,Retail trade,51,83874,14671,701,9732,24957584,1995812,124887,11129,26192445,2026673,135099,11465,20422975,1655584,122435
259,441,Motor vehicle and parts dealers,51,83874,14671,701,1280,4439805,274625,13291,1383,4207946,271979,13541,1343,4658125,250431,13427
260,4411,Automobile dealers,51,83874,14671,701,297,3485134,140907,6176,339,3153435,153117,6224,377,3459172,140035,6288
261,44111,New car dealers,51,83874,14671,701,176,2984514,130497,5618,190,2876508,138895,5409,236,3221684,130906,5718
262,44112,Used car dealers,51,83874,14671,701,121,500620,10410,558,149,276928,14222,815,141,237488,9129,570
263,4412,Other motor vehicle dealers,51,83874,14671,701,54,51629,5074,241,69,89701,6685,367,55,108418,5211,280
264,44121,Recreational vehicle dealers,51,83874,14671,701,7,9719,979,47,6,5497,497,28,9,8817,1057,59
265,44122,"Motorcycle, boat, and other motor vehicle dealers",51,83874,14671,701,47,41910,4094,193,63,84205,6189,340,46,99601,4154,221
266,4413,"Automotive parts, accessories, and tire stores",51,83874,14671,701,929,903042,128644,6873,975,964811,112177,6951,911,1090535,105185,6859
267,44131,Automotive parts and accessories stores,51,83874,14671,701,770,713117,103264,5401,841,873116,105842,6492,778,1019638,100454,6440
268,44132,Tire dealers,51,83874,14671,701,159,189926,25381,1473,134,91695,6336,459,133,70897,4731,419
269,442,Furniture and home furnishings stores,51,83874,14671,701,328,473371,44796,2318,465,735787,74036,4543,465,484581,51167,3440
270,4421,Furniture stores,51,83874,14671,701,232,385799,35027,1621,339,551503,51599,2786,359,400755,41733,2628
271,4422,Home furnishings stores,51,83874,14671,701,96,87572,9768,696,126,184285,22438,1756,106,83826,9434,812
272,44221,Floor covering stores,51,83874,14671,701,12,17901,1203,87,14,17178,2641,123,17,17128,1925,109
273,44229,Other home furnishings stores,51,83874,14671,701,84,69671,8565,609,112,167107,19796,1632,89,66698,7509,703
274,443,Electronics and appliance stores,51,83874,14671,701,442,487301,58680,3201,435,730931,71585,3951,491,700565,65977,3735
275,4431,Electronics and appliance stores,51,83874,14671,701,442,487301,58680,3201,435,730931,71585,3951,491,700565,65977,3735
276,44311,"Appliance, television, and other electronics stores",51,83874,14671,701,n/d,n/d,n/d,n/d,290,268679,34256,2171,327,483102,46531,2785
277,44312,Computer and software stores,51,83874,14671,701,n/d,n/d,n/d,n/d,124,457808,36567,1713,131,211576,18009,849
278,44313,Camera and photographic supplies stores,51,83874,14671,701,n/d,n/d,n/d,n/d,21,4444,762,67,33,5887,1437,101
279,444,Building material and garden equipment and supplies dealers,51,83874,14671,701,914,1293762,152279,8120,1133,1923257,163136,9962,1137,1874706,138173,9448
280,4441,Building material and supplies dealers,51,83874,14671,701,832,1230780,145954,7796,1040,1883994,157129,9608,1035,1835552,134376,9125
281,44411,Home centers,51,83874,14671,701,38,378163,38843,1997,49,503147,32156,1956,79,568511,37525,2577
282,44412,Paint and wallpaper stores,51,83874,14671,701,101,89965,12391,394,144,125611,12795,453,97,80620,9114,464
283,44413,Hardware stores,51,83874,14671,701,471,481451,59739,3699,563,777564,65198,4654,571,791693,50545,3737
284,44419,Other building material dealers,51,83874,14671,701,222,281202,34981,1705,284,477672,46981,2546,288,394728,37192,2347
285,4442,Lawn and garden equipment and supplies stores,51,83874,14671,701,82,62982,6325,324,93,39264,6007,354,102,39154,3797,323
286,44421,Outdoor power equipment stores,51,83874,14671,701,11,14393,1734,58,10,9290,2704,85,10,2908,206,17
287,44422,"Nursery, garden center, and farm supply stores",51,83874,14671,701,71,48589,4590,266,83,29973,3303,270,92,36246,3591,306
288,445,Food and beverage stores,51,83874,14671,701,1143,4238505,288055,22737,1433,4492695,332540,28371,1463,3555075,263392,24566
289,4451,Grocery stores,51,83874,14671,701,871,4132509,268691,21218,1076,4321356,313460,26480,1140,3374554,247973,23166
290,44511,Supermarkets and other grocery (except convenience) stores,51,83874,14671,701,764,3917115,263080,20778,990,4218363,306326,25894,1053,3318949,244203,22710
291,44512,Convenience stores,51,83874,14671,701,107,215393,5610,440,86,102993,7134,586,87,55605,3770,456
292,4452,Specialty food stores,51,83874,14671,701,197,62598,14980,1163,285,141062,16511,1650,240,136026,12392,1124
293,44521,Meat markets,51,83874,14671,701,19,12093,3137,204,23,25492,2121,159,44,19381,1516,158
294,44522,Fish and seafood markets,51,83874,14671,701,7,2243,153,n/d,7,2500,338,28,7,861,207,10
295,44523,Fruit and vegetable markets,51,83874,14671,701,33,14624,2598,142,22,11774,986,76,31,45934,3297,243
296,44529,Other specialty food stores,51,83874,14671,701,138,33639,9092,807,233,101296,13066,1389,158,69850,7372,713
297,4453,"Beer, wine, and liquor stores",51,83874,14671,701,75,43398,4383,355,72,30276,2569,242,83,44495,3027,276
298,446,Health and personal care stores,51,83874,14671,701,1447,3909171,340567,15648,1431,3658055,292589,14871,1345,1754296,193654,12239
299,4461,Health and personal care stores,51,83874,14671,701,1447,3909171,340567,15648,1431,3658055,292589,14871,1345,1754296,193654,12239
300,44611,Pharmacies and drug stores,51,83874,14671,701,854,3546971,278510,12244,819,3291497,235265,11591,788,1412292,151940,9442
301,44612,"Cosmetics, beauty supplies, and perfume stores",51,83874,14671,701,174,144674,17566,1067,177,134087,15392,1020,140,116853,11878,847
302,44613,Optical goods stores,51,83874,14671,701,205,92002,18806,1051,213,99529,19420,1102,215,121114,15932,1068
303,44619,Other health and personal care stores,51,83874,14671,701,214,125523,25683,1284,222,132941,22511,1158,202,104037,13904,882
304,447,Gasoline stations,51,83874,14671,701,775,2769444,69953,5078,934,2490679,63289,5911,1129,1519954,60239,5695
305,4471,Gasoline stations,51,83874,14671,701,775,2769444,69953,5078,934,2490679,63289,5911,1129,1519954,60239,5695
306,44711,Gasoline stations with convenience stores,51,83874,14671,701,635,2588700,59193,4364,632,1739418,47806,4531,651,1037991,42837,3977
307,44719,Other gasoline stations,51,83874,14671,701,140,180745,10759,715,302,751261,15482,1380,478,481963,17402,1718
308,448,Clothing and clothing accessories stores,51,83874,14671,701,2020,2515675,272524,22485,2182,2223920,238233,19924,2219,1699942,204159,18023
309,4481,Clothing stores,51,83874,14671,701,1306,1945631,196734,17353,1348,1546636,156164,13871,1315,1026528,128916,12432
310,44811,Men's clothing stores,51,83874,14671,701,195,146546,22213,1719,229,233774,31553,2644,235,194010,24391,1957
311,44812,Women's clothing stores,51,83874,14671,701,338,480718,38896,3412,551,776966,62161,5570,487,392060,55441,5889
312,44813,Children's and infants' clothing stores,51,83874,14671,701,58,38000,6687,541,88,46029,7753,720,87,33407,5063,468
313,44814,Family clothing stores,51,83874,14671,701,481,1163906,99738,9849,290,394282,41502,3581,335,320756,32090,3055
314,44815,Clothing accessories stores,51,83874,14671,701,148,57699,18854,1092,119,56700,8083,911,68,41545,6231,523
315,44819,Other clothing stores,51,83874,14671,701,86,58763,10346,741,71,38884,5112,444,103,44750,5700,540
316,4482,Shoe stores,51,83874,14671,701,474,421868,52366,3695,497,449002,53227,3933,557,480288,52107,3888
317,4483,"Jewelry, luggage, and leather goods stores",51,83874,14671,701,240,148174,23422,1437,337,228282,28842,2119,347,193126,23136,1703
318,44831,Jewelry stores,51,83874,14671,701,228,141088,22766,1397,323,221050,28186,2070,331,183629,22189,1640
319,44832,Luggage and leather goods stores,51,83874,14671,701,12,7086,656,39,14,7232,656,49,16,9497,947,63
320,451,"Sporting goods, hobby, book, and music stores",51,83874,14671,701,274,140203,26990,1601,454,348612,32160,2540,492,366687,37945,2801
321,4511,"Sporting goods, hobby, and musical instrument stores",51,83874,14671,701,199,101143,19024,1183,299,237680,20013,1574,300,204235,19714,1491
322,45111,Sporting goods stores,51,83874,14671,701,91,49405,7779,377,108,43923,4781,379,95,35875,3627,312
323,45112,"Hobby, toy, and game stores",51,83874,14671,701,38,16678,5825,475,79,157123,10578,815,86,123171,10672,717
324,45113,"Sewing, needlework, and piece goods stores",51,83874,14671,701,35,17351,3064,192,95,30812,3933,329,99,36507,4683,392
325,45114,Musical instrument and supplies stores,51,83874,14671,701,35,17709,2356,139,17,5823,721,51,20,8682,732,70
326,4512,"Book, periodical, and music stores",51,83874,14671,701,75,39059,7967,419,155,110933,12146,966,192,162452,18231,1310
327,45121,Book stores and news dealers,51,83874,14671,701,75,39059,7967,419,85,64474,7515,597,91,93756,11223,716
328,45122,"Prerecorded tape, compact disc and record stores",51,83874,14671,701,n/d,n/d,n/d,n/d,70,46458,4632,369,101,68696,7008,594
329,452,General merchandise stores,51,83874,14671,701,339,4024841,364110,25199,439,4643343,402721,26067,466,3108101,315179,23490
330,4521,Department stores,51,83874,14671,701,95,966465,108568,8130,193,1971671,203445,13835,257,2220723,226381,16952
331,45211,Department stores,51,83874,14671,701,95,966465,108568,8130,193,1971671,203445,13835,257,2220723,226381,16952
332,4529,Other general merchandise stores,51,83874,14671,701,244,3058375,255542,17068,246,2671672,199276,12231,209,887378,88798,6538
333,45299,All other general merchandise stores,51,83874,14671,701,227,2329971,205962,15313,221,1008851,106975,7507,195,787794,80896,5954
334,453,Miscellaneous store retailers,51,83874,14671,701,556,440466,74438,3745,620,506456,56264,3812,700,473331,50949,4172
335,4531,Florists,51,83874,14671,701,44,9927,1642,99,72,21302,2018,166,102,19058,2687,236
336,4532,"Office supplies,51,83874,14671,701, stationery, and gift stores",51,83874,14671,701,271,306972,47159,2467,326,366079,43360,2823,376,327212,33404,2688
337,45321,Office supplies and stationery stores,51,83874,14671,701,134,253124,34005,1501,148,275991,30493,1697,175,235789,22034,1555
338,45322,"Gift, novelty, and souvenir stores",51,83874,14671,701,137,53848,13154,965,178,90087,12866,1126,201,91423,11370,1133
339,4533,Used merchandise stores,51,83874,14671,701,10,2373,399,25,9,3945,553,24,11,2037,267,28
340,4539,Other miscellaneous store retailers,51,83874,14671,701,231,121194,25237,1154,213,115130,10334,798,211,125024,14591,1220
341,45391,Pet and pet supplies stores,51,83874,14671,701,79,57286,9131,433,71,38548,3205,282,77,27692,2606,239
342,45392,Art dealers,51,83874,14671,701,24,10644,1597,74,34,17889,1518,102,35,17345,2105,140
343,45399,All other miscellaneous store retailers,51,83874,14671,701,126,52167,14392,644,107,57163,5294,398,99,79987,9880,841
344,454,Nonstore retailers,51,83874,14671,701,214,225039,28794,1463,220,230761,28141,1608,215,227612,24319,1399
345,4541,Electronic shopping and mail-order houses,51,83874,14671,701,15,32199,2042,95,14,14938,1730,140,11,n/d,n/d,n/d
346,4542,Vending machine operators,51,83874,14671,701,30,19316,3260,183,40,22429,3838,282,41,n/d,n/d,n/d
347,4543,Direct selling establishments,51,83874,14671,701,169,173525,23493,1187,166,193395,22573,1186,163,202839,20682,1177
348,45431,Fuel dealers,51,83874,14671,701,126,162315,15507,779,124,99270,9246,579,118,115892,9531,584
349,45439,Other direct selling establishments,51,83874,14671,701,43,11209,7986,407,42,94124,13328,607,45,86947,11151,593
350,48-49,Transportation and warehousing,51,83874,14671,701,918,1918575,356088,13716,1041,2167349,340297,14710,1071,2076573,253758,13137
351,481,Air transportation,51,83874,14671,701,13,13882,4271,140,44,310710,54744,1654,36,147208,16890,703
352,4811,Scheduled air transportation,51,83874,14671,701,n/d,n/d,n/d,n/d,25,271944,49167,1347,25,128108,14691,621
353,4812,Nonscheduled air transportation,51,83874,14671,701,13,13882,4271,140,19,38766,5577,307,11,19100,2199,82
354,483,Water transportation,51,83874,14671,701,16,92260,34046,890,14,180995,23698,363,19,74811,14457,591
355,484,Truck transportation,51,83874,14671,701,388,292716,59427,2864,505,409584,68691,3848,521,349261,50018,3076
356,4841,General freight trucking,51,83874,14671,701,302,258130,50444,2470,371,291806,53207,3002,375,234834,34673,2189
357,4842,Specialized freight trucking,51,83874,14671,701,86,34585,8983,394,134,117779,15485,845,146,114427,15345,887
358,485,Transit and ground passenger transportation,51,83874,14671,701,189,142113,40582,2071,170,117607,24414,1452,150,175679,10005,853
359,4851,Urban transit systems,51,83874,14671,701,6,1005,476,30,3,480,318,15,7,n/d,n/d,n/d
360,4852,Interurban and rural bus transportation,51,83874,14671,701,9,2361,462,31,10,2533,294,33,5,n/d,n/d,n/d
361,4853,Taxi and limousine service,51,83874,14671,701,15,4142,1469,77,22,4679,1018,87,23,4142,663,66
362,4854,School and employee bus transportation,51,83874,14671,701,146,88199,19049,1355,120,50990,7635,830,99,27419,4056,506
363,486,Pipeline transportation,51,83874,14671,701,11,4853,1183,48,12,16270,3161,119,5,n/d,n/d,n/d
364,487,Scenic and sightseeing transportation,51,83874,14671,701,16,14214,2816,303,14,43217,5984,295,17,n/d,n/d,n/d
365,4871,"Scenic and sightseeing transportation, land",51,83874,14671,701,4,3956,1083,41,4,16763,3460,119,8,n/d,n/d,n/d
366,4872,"Scenic and sightseeing transportation, water",51,83874,14671,701,8,5612,1653,236,9,25707,2397,173,6,13241,1158,80
367,488,Support activities for transportation,51,83874,14671,701,169,432074,110789,3875,168,592628,100689,4456,183,711519,106344,5124
368,4881,Support activities for air transportation,51,83874,14671,701,31,68494,17347,839,24,61899,16829,958,28,69167,12725,856
369,48811,Airport operations,51,83874,14671,701,11,23086,10891,607,8,26628,11194,711,n/d,n/d,n/d,n/d
370,48819,Other support activities for air transportation,51,83874,14671,701,20,45408,6456,233,16,35272,5636,247,n/d,n/d,n/d,n/d
371,4883,Support activities for water transportation,51,83874,14671,701,28,204887,46467,1444,37,104064,38016,1750,47,284354,57636,2220
372,48831,Port and harbor operations,51,83874,14671,701,9,165215,39056,823,5,11995,3293,195,n/d,n/d,n/d,n/d
373,48832,Marine cargo handling,51,83874,14671,701,8,30610,5129,508,17,79702,31590,1375,n/d,n/d,n/d,n/d
374,48833,Navigational services to shipping,51,83874,14671,701,6,1157,398,38,10,7174,2703,170,n/d,n/d,n/d,n/d
375,48839,Other support activities for water transportation,51,83874,14671,701,5,7905,1883,76,5,5191,430,n/d,n/d,n/d,n/d,n/d
376,4884,Support activities for road transportation,51,83874,14671,701,29,43546,8324,281,22,46450,6342,233,26,27263,2689,150
377,4885,Freight transportation arrangement,51,83874,14671,701,77,108983,37178,1205,78,374001,37936,1380,79,328901,32932,1873
378,4889,Other support activities for transportation,51,83874,14671,701,4,6163,1473,106,6,5878,1503,130,3,1834,362,25
379,492,Couriers and messengers,51,83874,14671,701,52,681492,55455,1494,47,183076,25388,995,63,244228,23319,1066
380,4921,Couriers and express delivery services,51,83874,14671,701,36,677383,54654,1446,31,179071,24286,897,39,238531,21908,929
381,4922,Local messengers and local delivery,51,83874,14671,701,16,4109,801,47,16,4005,1102,98,24,5697,1411,137
382,493,Warehousing and storage,51,83874,14671,701,64,244969,47518,2030,67,313261,33526,1525,77,346002,29039,1525
383,4931,Warehousing and storage,51,83874,14671,701,64,244969,47518,2030,67,313261,33526,1525,77,346002,29039,1525
384,49311,General warehousing and storage,51,83874,14671,701,46,185838,38404,1637,47,180604,23212,1035,n/d,n/d,n/d,n/d
385,49312,Refrigerated warehousing and storage,51,83874,14671,701,5,13484,1976,202,10,35205,2908,163,n/d,n/d,n/d,n/d
386,49313,Farm product warehousing and storage,51,83874,14671,701,1,n/d,n/d,n/d,3,1013,151,n/d,n/d,n/d,n/d,n/d
387,49319,Other warehousing and storage,51,83874,14671,701,12,41083,6910,184,7,96439,7255,315,n/d,n/d,n/d,n/d
388,51,Information,51,83874,14671,701,727,12342587,542569,22610,642,11383571,807673,22345,462,3686792,633161,19696
389,5111,"Newspaper, periodical, book, and directory publishers",51,83874,14671,701,83,271207,75451,1785,120,449275,123542,3110,79,n/d,n/d,n/d
390,51111,Newspaper publishers,51,83874,14671,701,35,225319,63415,1439,53,327350,99605,2427,23,354013,97964,3125
391,51112,Periodical publishers,51,83874,14671,701,16,8295,3348,87,24,19708,5387,182,21,23287,5100,209
392,51113,Book publishers,51,83874,14671,701,12,24083,5689,130,19,25070,5719,177,11,11458,2630,90
393,51119,Other publishers,51,83874,14671,701,19,13352,2941,124,20,9387,2508,102,18,n/d,n/d,n/d
394,512,Motion picture and sound recording industries,51,83874,14671,701,83,133025,23769,1830,105,157019,22661,2370,116,175717,23890,1789
395,5121,Motion picture and video industries,51,83874,14671,701,76,132489,23606,1818,91,152966,21732,2323,92,163344,21701,1707
396,51211,Motion picture and video production,51,83874,14671,701,26,19401,4720,105,41,41068,7349,213,40,67460,5776,179
397,51219,Postproduction services and other motion picture and video industries,51,83874,14671,701,10,4681,1462,44,9,6813,1600,77,13,8411,1994,75
398,5122,Sound recording industries,51,83874,14671,701,7,537,163,n/d,14,4054,929,47,24,12373,2189,82
399,515,Broadcasting (except Internet),51,83874,14671,701,96,266401,80182,1903,81,239815,79826,2119,76,n/d,n/d,n/d
400,5151,Radio and television broadcasting,51,83874,14671,701,89,259647,77724,1842,78,236289,79093,2076,75,240367,61563,1830
401,51511,Radio broadcasting,51,83874,14671,701,66,48648,15494,626,59,70345,23887,965,59,64842,19854,960
402,51512,Television broadcasting,51,83874,14671,701,23,210999,62230,1216,19,165943,55206,1110,16,175525,41709,870
403,5152,Cable and other subscription programming,51,83874,14671,701,7,6754,2457,61,3,3527,733,43,1,n/d,n/d,n/d
404,517,Telecommunications,51,83874,14671,701,284,2378200,237922,10725,219,3270263,456798,11527,103,2546413,367576,10535
405,5171,Wired telecommunications carriers,51,83874,14671,701,43,1409963,60146,6351,51,1908176,311358,7435,n/d,n/d,n/d,n/d
406,5172,Wireless telecommunications carriers (except satellite),51,83874,14671,701,182,817040,132295,2639,121,1192815,117573,3206,27,687229,98413,2365
407,5174,Satellite telecommunications,51,83874,14671,701,4,3670,389,n/d,5,5524,1704,88,3,7777,2423,95
408,5179,Other telecommunications,51,83874,14671,701,55,147527,45092,1718,42,163750,26164,798,n/d,n/d,n/d,n/d
409,518,"Data processing, hosting and related services",51,83874,14671,701,104,491120,81420,5246,46,291547,95461,2343,n/d,n/d,n/d,n/d
410,5182,"Data processing, hosting, and related services",51,83874,14671,701,104,491120,81420,5246,45,291285,95448,2342,21,145190,34390,906
411,519,Other information services,51,83874,14671,701,63,100225,30154,895,61,52461,14037,562,35,32588,12275,337
412,5191,Other information services,51,83874,14671,701,63,100225,30154,895,61,52461,14037,562,n/d,n/d,n/d,n/d
413,51911,News syndicates,51,83874,14671,701,5,1135,575,17,5,1810,371,28,n/d,n/d,n/d,n/d
414,51912,Libraries and archives,51,83874,14671,701,9,5172,1674,81,11,7302,2351,99,n/d,n/d,n/d,n/d
415,51913,Internet publishing and broadcasting and web search portals,51,83874,14671,701,16,55618,11372,230,3,1193,402,20,n/d,n/d,n/d,n/d
416,51919,All other information services,51,83874,14671,701,33,38301,16534,567,42,42156,10913,415,n/d,n/d,n/d,n/d
417,52,Finance and insurance,51,83874,14671,701,1791,14644495,1172737,30950,2202,26835131,1495772,41021,1809,10233015,1152628,36059
418,522,Credit intermediation and related activities,51,83874,14671,701,1044,6164175,593308,17609,1436,18998723,922047,26867,1134,4455067,680335,23225
419,5221,Depository credit intermediation,51,83874,14671,701,685,4214135,400402,12217,878,15631428,566648,16717,390,2186724,281642,9390
420,52211,Commercial banking,481,51,83874,14671,701,3729092,303792,8836,644,15037437,480304,13063,244,1853581,239290,7114
421,52212,Savings institutions,51,83874,14671,701,23,165217,27764,745,16,136064,18387,593,6,21534,2337,122
422,52213,Credit unions,51,83874,14671,701,181,319827,68846,2636,217,457766,67953,3061,140,311609,40015,2154
423,5222,Nondepository credit intermediation,51,83874,14671,701,267,1893770,168514,4514,462,3237734,320116,9028,618,2065815,367302,12440
424,52222,Sales financing,51,83874,14671,701,25,335685,21645,765,33,545032,42409,1036,38,n/d,n/d,n/d
425,52229,Other nondepository credit intermediation,51,83874,14671,701,238,1251295,102684,2543,400,1163736,157327,5184,380,1053822,179634,6420
426,5223,Activities related to credit intermediation,51,83874,14671,701,92,56269,24392,880,96,129562,35284,1123,126,202528,31391,1395
427,52231,Mortgage and nonmortgage loan brokers,51,83874,14671,701,7,11841,3723,105,18,35807,11622,363,32,n/d,n/d,n/d
428,52232,"Financial transactions processing, reserve, and clearinghouse activities",51,83874,14671,701,33,10377,12865,428,39,66640,20015,580,13,n/d,n/d,n/d
429,52239,Other activities related to credit intermediation,51,83874,14671,701,52,34052,7805,347,39,27115,3647,181,81,74085,10401,671
430,523,"Securities, commodity contracts, and other financial investments and related activities",51,83874,14671,701,139,326759,121020,1715,181,598108,106304,1652,176,n/d,n/d,n/d
431,5231,Securities and commodity contracts intermediation and brokerage,51,83874,14671,701,34,152919,92057,962,39,327719,74719,719,129,n/d,n/d,n/d
432,52311,Investment banking and securities dealing,51,83874,14671,701,11,11697,5998,69,15,112454,30853,n/d,111,n/d,n/d,n/d
433,52312,Securities brokerage,51,83874,14671,701,21,141118,85284,851,21,211722,43450,441,15,n/d,n/d,n/d
434,5239,Other financial investment activities,51,83874,14671,701,105,173840,28963,754,139,260689,28474,884,46,n/d,n/d,n/d
435,524,Insurance carriers and related activities,51,83874,14671,701,608,8153561,458408,11625,585,7238299,467422,12502,497,4894891,327255,9783
436,5241,Insurance carriers,51,83874,14671,701,271,7696270,351495,9111,205,6418442,353977,9370,150,3903392,214627,6100
437,52411,"Direct life, health, and medical insurance carriers",51,83874,14671,701,152,6405470,208118,6090,106,5129814,240753,6748,89,2939583,144151,3970
438,52412,"Direct insurance (except life, health, and medical) carriers",51,83874,14671,701,110,1286606,141668,2987,96,1268128,112984,2616,53,955620,68963,2065
439,5242,"Agencies, brokerages, and other insurance related activities",51,83874,14671,701,337,457292,106914,2515,380,819858,113445,3133,347,991499,112628,3683
440,52421,Insurance agencies and brokerages,51,83874,14671,701,300,379799,90954,2011,341,760488,100700,2770,290,938160,100797,3217
441,52429,Other insurance related activities,51,83874,14671,701,37,77492,15960,504,39,59369,12745,363,57,53339,11831,466
442,53,Real estate and rental and leasing,51,83874,14671,701,1592,1465763,262402,11310,1803,3696901,298242,14501,1783,1698631,231189,13086
443,531,Real estate,51,83874,14671,701,1104,1008313,177704,7480,1199,1844501,188384,9042,1163,1067391,148334,8183
444,5311,Lessors of real estate,51,83874,14671,701,744,831746,108929,4509,760,1584209,125682,6177,n/d,n/d,n/d,n/d
445,53111,Lessors of residential buildings and dwellings,51,83874,14671,701,241,148500,31920,1716,298,305724,45118,2636,n/d,n/d,n/d,n/d
446,53112,Lessors of nonresidential buildings (except miniwarehouses),51,83874,14671,701,455,667467,69492,2460,432,1249301,78371,3424,n/d,n/d,n/d,n/d
447,53113,Lessors of miniwarehouses and self-storage units,51,83874,14671,701,31,11808,6377,270,18,20876,1578,70,n/d,n/d,n/d,n/d
448,53119,Lessors of other real estate property,51,83874,14671,701,17,3972,1140,63,12,8309,615,48,n/d,n/d,n/d,n/d
449,5312,Offices of real estate agents and brokers,51,83874,14671,701,104,27263,8962,359,172,94013,16247,684,170,146622,21182,831
450,5313,Activities related to real estate,51,83874,14671,701,256,149306,59814,2613,267,166280,46456,2182,276,315758,57997,3384
451,53131,Real estate property managers,51,83874,14671,701,167,93392,49537,2294,158,82969,24936,1284,187,230196,42118,2654
452,53132,Offices of real estate appraisers,51,83874,14671,701,41,19541,3168,79,44,39956,3060,124,50,18685,2962,110
453,53139,Other activities related to real estate,51,83874,14671,701,48,36373,7109,240,65,43355,18459,772,39,66877,12917,620
454,532,Rental and leasing services,51,83874,14671,701,483,450641,83158,3783,593,1840272,108058,5376,613,629577,82570,4889
455,5321,Automotive equipment rental and leasing,51,83874,14671,701,142,240280,28441,1161,134,1418239,36413,1326,110,246164,19573,876
456,53211,Passenger car rental and leasing,51,83874,14671,701,120,195725,25719,964,111,1386540,31890,1153,n/d,n/d,n/d,n/d
457,53212,"Truck, utility trailer, and RV (recreational vehicle) rental and leasing",51,83874,14671,701,22,44555,2723,198,23,31700,4523,173,n/d,n/d,n/d,n/d
458,5322,Consumer goods rental,51,83874,14671,701,160,51680,22414,1120,200,104621,20478,1619,219,149749,27361,2014
459,5323,General rental centers,51,83874,14671,701,48,20692,4065,185,59,60213,12026,465,56,48006,6924,321
460,5324,Commercial and industrial machinery and equipment rental and leasing,51,83874,14671,701,133,137990,28238,1317,200,257199,39142,1967,228,185658,28712,1678
461,53241,"Construction, transportation, mining, and forestry machinery and equipment rental and leasing",51,83874,14671,701,85,93764,20154,1010,120,139868,23037,1285,n/d,n/d,n/d,n/d
462,53242,Office machinery and equipment rental and leasing,51,83874,14671,701,1,n/d,n/d,n/d,8,9240,2107,69,n/d,n/d,n/d,n/d
463,53249,Other commercial and industrial machinery and equipment rental and leasing,51,83874,14671,701,47,44057,8050,308,72,108091,13999,614,n/d,n/d,n/d,n/d
464,533,Lessors of nonfinancial intangible assets (except copyrighted works),51,83874,14671,701,5,6809,1540,47,11,12128,1799,82,7,1663,285,14
465,54,"Professional, scientific, and technical services",51,83874,14671,701,4044,3145282,1060800,49750,4277,4324761,978640,32801,3965,2836774,701485,26197
466,541,"Professional, scientific, and technical services",51,83874,14671,701,4044,3145282,1060800,49750,4277,4324761,978640,32801,3965,2836774,701485,26197
467,5411,Legal services,51,83874,14671,701,1288,595704,212665,21038,1399,885609,184684,5645,1466,606940,153795,5779
468,54111,Offices of lawyers,51,83874,14671,701,1212,558638,194645,20566,1282,771118,153583,4738,1272,531212,129003,4839
469,54119,Other legal services,51,83874,14671,701,76,37065,18019,472,115,110925,30915,892,194,75728,24792,940
470,5412,"Accounting, tax preparation, bookkeeping, and payroll services",51,83874,14671,701,642,306175,129680,4734,617,343065,121875,4959,524,289945,81703,3364
471,5413,"Architectural, engineering, and related services",51,83874,14671,701,693,673717,204819,9607,950,1197266,267051,8614,802,787887,195926,7512
472,54131,Architectural services,51,83874,14671,701,103,95884,25357,592,175,155568,42883,1091,135,97019,19659,730
473,54132,Landscape architectural services,51,83874,14671,701,12,5503,1618,98,23,16750,4413,269,27,12250,4635,297
474,54133,Engineering services,51,83874,14671,701,417,492449,154498,7949,526,888092,184352,5650,434,557708,141936,4859
475,54134,Drafting services,51,83874,14671,701,6,1459,254,19,17,3593,1049,41,21,5659,1287,65
476,54135,Building inspection services,51,83874,14671,701,15,2279,1451,39,17,4298,1492,71,22,16178,4390,170
477,54136,Geophysical surveying and mapping services,51,83874,14671,701,7,4158,1132,50,3,5508,1688,59,9,2892,532,28
478,54137,Surveying and mapping (except geophysical) services,51,83874,14671,701,19,3930,1471,74,46,13752,3924,251,53,22829,4704,313
479,54138,Testing laboratories,51,83874,14671,701,114,68055,19037,787,143,109704,27251,1182,101,73352,18783,1050
480,5414,Specialized design services,51,83874,14671,701,71,29744,6651,254,86,50043,10043,583,93,46503,12301,603
481,54141,Interior design services,51,83874,14671,701,16,7136,1426,65,26,11285,1786,83,n/d,n/d,n/d,n/d
482,54142,Industrial design services,51,83874,14671,701,4,n/d,n/d,n/d,10,11204,2097,119,n/d,n/d,n/d,n/d
483,54143,Graphic design services,51,83874,14671,701,44,15708,4124,151,40,16769,4049,196,n/d,n/d,n/d,n/d
484,54149,Other specialized design services,51,83874,14671,701,7,2300,764,27,10,10786,2111,186,n/d,n/d,n/d,n/d
485,5415,Computer systems design and related services,51,83874,14671,701,254,421250,115992,2588,240,446754,102424,2498,191,210994,53783,1551
486,5416,"Management, scientific, and technical consulting services",51,83874,14671,701,397,525975,207923,5116,357,732020,127540,4336,282,203894,55964,1956
487,54161,Management consulting services,51,83874,14671,701,288,464213,163919,4265,256,656965,104131,3643,n/d,n/d,n/d,n/d
488,54162,Environmental consulting services,51,83874,14671,701,37,11767,6550,209,32,23597,6313,236,34,20335,6139,273
489,54169,Other scientific and technical consulting services,51,83874,14671,701,72,49995,37454,642,69,51458,17095,456,59,40949,16013,384
490,5417,Scientific research and development services,51,83874,14671,701,46,42406,34204,1343,48,74069,19544,1077,53,80867,18368,1090
491,54171,"Research and development in the physical engineering, and life sciences",51,83874,14671,701,41,42125,33403,1319,36,66796,16773,1002,n/d,n/d,n/d,n/d
492,54172,Research and development in the social sciences and humanities,51,83874,14671,701,5,n/d,n/d,n/d,12,7272,2770,74,n/d,n/d,n/d,n/d
493,5418,"Advertising, public relations, and related services",51,83874,14671,701,269,277974,79995,2412,268,301309,83756,2505,274,340648,75494,2352
494,54181,Advertising agencies,51,83874,14671,701,136,187183,57434,1297,130,224559,68761,1940,n/d,n/d,n/d,n/d
495,54182,Public relations agencies,51,83874,14671,701,41,36736,9168,590,41,16402,5329,137,n/d,n/d,n/d,n/d
496,54183,Media buying agencies,51,83874,14671,701,13,7564,2216,68,7,12416,1967,47,n/d,n/d,n/d,n/d
497,54184,Media representatives,51,83874,14671,701,8,1019,1765,26,9,1092,288,16,n/d,n/d,n/d,n/d
498,54185,Display advertising,51,83874,14671,701,19,21600,4410,123,29,16724,3300,144,n/d,n/d,n/d,n/d
499,54186,Direct mail advertising,51,83874,14671,701,6,3062,958,49,3,2611,399,n/d,n/d,n/d,n/d,n/d
500,54187,Advertising material distribution services,51,83874,14671,701,10,4468,953,112,5,3605,772,51,n/d,n/d,n/d,n/d
501,54189,Other services related to advertising,51,83874,14671,701,36,16338,3090,144,44,23897,2937,152,n/d,n/d,n/d,n/d
502,5419,"Other professional, scientific, and technical services",51,83874,14671,701,384,272340,68870,2657,312,294626,61722,2583,280,269096,54151,1990
503,54191,Marketing research and public opinion polling,51,83874,14671,701,19,13677,3210,122,22,34148,9288,324,20,23959,8552,468
504,54192,Photographic services,51,83874,14671,701,39,6032,1717,88,51,9118,2117,131,65,38058,7096,181
505,54193,Translation and interpretation services,51,83874,14671,701,6,1191,1097,33,5,2136,350,16,3,835,175,5
506,54194,Veterinary services,51,83874,14671,701,99,33059,8771,531,94,37185,6263,410,85,23846,4257,302
507,54199,"All other professional, scientific, and technical services",51,83874,14671,701,221,218382,54072,1882,140,212037,43702,1700,107,182398,34071,1034
508,55,Management of companies and enterprises,51,83874,14671,701,88,835387,182603,3931,62,394413,110902,2338,94,511676,79091,2237
509,56,Administrative and support and waste management and remediation services,51,83874,14671,701,1644,2948546,1447914,85049,1774,3178504,1191352,76488,1724,2336978,888063,61703
510,561,Administrative and support services,51,83874,14671,701,1510,2592482,1369909,81948,1645,2687821,1108727,72838,1627,2068551,827606,58853
511,5611,Office administrative services,51,83874,14671,701,281,930492,320780,12072,259,984078,249837,6457,179,424151,111973,3882
512,5612,Facilities support services,51,83874,14671,701,51,39405,13416,652,47,65103,40693,3556,56,82379,39121,2956
513,5613,Employment services,51,83874,14671,701,112,466251,372803,24543,160,466685,313670,19808,n/d,n/d,n/d,n/d
514,56131,Employment placement agencies and executive search services,51,83874,14671,701,32,38994,34541,4301,37,103497,40284,3322,n/d,n/d,n/d,n/d
515,56132,Temporary help services,51,83874,14671,701,61,384933,304697,17689,104,324607,252619,15226,118,488237,260364,17338
516,56133,Professional employer organizations,51,83874,14671,701,19,42323,33565,2553,19,38580,20767,1260,10,4922,1717,96
517,5614,Business support services,51,83874,14671,701,134,100924,48784,2934,159,129298,44274,3090,191,143087,42346,2817
518,56141,Document preparation services,51,83874,14671,701,22,7121,2144,97,14,4920,1243,52,n/d,n/d,n/d,n/d
519,56142,Telephone call centers,51,83874,14671,701,15,35615,25052,1783,21,41125,20478,1817,n/d,n/d,n/d,n/d
520,56143,Business service centers,51,83874,14671,701,31,8833,1857,115,57,20872,4087,265,n/d,n/d,n/d,n/d
521,56144,Collection agencies,51,83874,14671,701,46,33492,12019,653,45,32068,9941,594,n/d,n/d,n/d,n/d
522,56145,Credit bureaus,51,83874,14671,701,7,3741,726,15,10,13915,1522,51,n/d,n/d,n/d,n/d
523,56149,Other business support services,51,83874,14671,701,13,12119,6983,268,12,16397,7002,309,n/d,n/d,n/d,n/d
524,5615,Travel arrangement and reservation services,51,83874,14671,701,141,65039,20646,966,236,136938,24947,1536,286,200117,27584,2068
525,56151,Travel agencie,51,83874,14671,701s,99,37857,10419,470,185,61508,13313,840,234,114060,14554,1031
526,56152,Tour operators,51,83874,14671,701,20,12532,4981,222,22,43317,4834,325,21,27958,4530,511
527,56159,Other travel arrangement and reservation services,51,83874,14671,701,22,14651,5246,275,29,32113,6799,371,31,58099,8500,526
528,5616,Investigation and security services,51,83874,14671,701,311,540651,355055,24433,314,521732,284293,24694,293,392615,202690,17344
529,56161,"Investigation, guard, and armored car services",51,83874,14671,701,218,470292,331234,22847,209,419907,250902,23040,191,293328,158473,13603
530,56162,Security systems services,51,83874,14671,701,93,70359,23820,1586,105,101825,33392,1655,102,99287,44217,3741
531,5617,Services to buildings and dwellings,51,83874,14671,701,398,318277,174331,14333,395,296348,121267,12160,389,228630,96323,9407
532,56171,Exterminating and pest control services,51,83874,14671,701,66,31276,13617,761,70,37856,13645,929,63,20326,6308,519
533,56172,Janitorial services,51,83874,14671,701,154,220516,131780,11835,152,162570,81090,8920,150,123854,57229,5773
534,56173,Landscaping services,51,83874,14671,701,128,53849,22790,1423,114,65104,21170,1947,108,43082,17446,1455
535,56174,Carpet and upholstery cleaning services,51,83874,14671,701,6,1511,483,36,6,3508,832,43,18,18466,9318,1066
536,56179,Other services to buildings and dwellings,51,83874,14671,701,44,11124,5661,278,53,27311,4530,322,50,22902,6022,594
537,5619,Other support service,51,83874,14671,701s,82,131442,64091,2013,75,87636,29747,1536,82,73915,24861,1345
538,562,Waste management and remediation services,51,83874,14671,701,134,356063,78006,3101,129,490684,82625,3651,97,268427,60457,2850
539,61,Educational services,51,83874,14671,701,440,462482,160972,9809,336,363524,95293,5552,306,242810,74829,4647
540,611,Educational services,51,83874,14671,701,440,462482,160972,9809,336,363524,95293,5552,n/d,n/d,n/d,n/d
541,6114,Business schools and computer and management training,51,83874,14671,701,35,19132,9129,473,60,67470,15020,818,n/d,n/d,n/d,n/d
542,61141,Business and secretarial schools,51,83874,14671,701,11,2112,2885,114,16,9907,4365,313,n/d,n/d,n/d,n/d
543,61142,Computer training,51,83874,14671,701,13,12584,5196,302,20,42020,6309,291,n/d,n/d,n/d,n/d
544,61143,Professional and management development training,51,83874,14671,701,11,4436,1048,57,24,15542,4344,212,n/d,n/d,n/d,n/d
545,6115,Technical and trade schools,51,83874,14671,701,79,223922,78650,4028,82,146092,45497,2647,n/d,n/d,n/d,n/d
546,6116,Other schools and instruction,51,83874,14671,701,208,91326,28823,2386,122,69555,17556,1194,n/d,n/d,n/d,n/d
547,61161,Fine arts schools,51,83874,14671,701,27,4772,1540,118,23,5640,875,70,n/d,n/d,n/d,n/d
548,61162,Sports and recreation instruction,51,83874,14671,701,27,9232,1865,107,19,5360,1779,68,n/d,n/d,n/d,n/d
549,61163,Language schools,51,83874,14671,701,14,8656,2312,163,9,3813,1224,119,n/d,n/d,n/d,n/d
550,61169,All other schools and instruction,51,83874,14671,701,140,68665,23104,1996,71,54742,13678,938,n/d,n/d,n/d,n/d
551,6117,Educational support services,51,83874,14671,701,118,128100,44369,2921,72,80407,17219,894,n/d,n/d,n/d,n/d
552,62,Health care and social assistance,51,83874,14671,701,7014,6098340,1842086,80913,6764,6663318,1567142,81337,6464,4967317,1224260,68338
553,621,Ambulatory health care services,51,83874,14671,701,5924,2972294,792796,32623,5602,3667953,619880,30597,5375,2504179,438453,25044
554,6211,Offices of physicians,51,83874,14671,701,3341,1358774,303372,12251,3122,1349360,188069,9735,3097,1190229,153813,9013
555,6212,Offices of dentists,51,83874,14671,701,921,164286,45915,3067,938,207836,39958,3084,1013,198825,35204,3029
556,6213,Offices of other health practitioners,51,83874,14671,701,728,348389,121917,4083,568,451518,84342,3400,443,277550,41941,2046
557,62131,Offices of chiropractors,51,83874,14671,701,78,16665,3706,206,57,12977,2400,133,38,6782,806,69
558,62132,Offices of optometrists,51,83874,14671,701,102,23011,5493,297,85,41745,5128,313,98,38372,4860,355
559,62133,Offices of mental health practitioners (except physicians),51,83874,14671,701,90,15005,32992,539,63,29256,6079,228,50,53733,9110,272
560,62134,"Offices of physical, occupational and speech therapists, and audiologists",51,83874,14671,701,202,91600,24221,1309,183,98165,18124,1061,137,61414,10883,668
561,62139,Offices of all other health practitioners,51,83874,14671,701,256,202111,55505,1733,180,269374,52612,1664,120,117249,16282,682
562,6214,Outpatient care centers,51,83874,14671,701,107,278384,56919,2097,168,436267,97796,4523,135,298523,74276,3603
563,62142,Outpatient mental health and substance abuse centers,51,83874,14671,701,30,46840,9471,373,22,23868,6197,238,n/d,n/d,n/d,n/d
564,62149,Other outpatient care centers,51,83874,14671,701,67,217708,43610,1543,141,404571,89254,4194,n/d,n/d,n/d,n/d
565,6215,Medical and diagnostic laboratories,51,83874,14671,701,575,436854,127643,5020,545,765868,108027,5051,512,322762,65696,3644
566,6216,Home health care services,51,83874,14671,701,78,149267,67319,2845,68,130376,51160,2092,56,97240,34572,1836
567,6219,Other ambulatory health care services,51,83874,14671,701,174,236339,69711,3259,193,326729,50529,2713,119,119050,32951,1873
568,622,Hospitals,51,83874,14671,701,130,2824703,842036,32342,85,2332161,727214,32368,98,1634211,512087,26407
569,6221,General medical and surgical hospitals,51,83874,14671,701,75,2550973,752043,29042,65,2117918,663450,29787,83,1500128,471174,24385
570,6223,Specialty (except psychiatric and substance abuse) hospitals,51,83874,14671,701,33,223455,62144,2605,16,182483,52719,2142,10,79515,20458,1212
571,623,Nursing and residential care facilities,51,83874,14671,701,380,99592,63578,4762,409,251253,72535,5365,422,272819,69142,5164
572,6231,Nursing care facilities,51,83874,14671,701,50,20456,13289,908,39,35174,15030,946,40,81776,28945,1864
573,6232,"Residential mental retardation, mental health and substance abuse facilities",51,83874,14671,701,63,26017,13821,789,86,111572,24949,1485,135,101720,11787,835
574,62321,Residential mental retardation facilities,51,83874,14671,701,30,4333,2311,133,39,26846,9863,617,n/d,n/d,n/d,n/d
575,62322,Residential mental health and substance abuse facilities,51,83874,14671,701,33,21684,11511,657,47,84726,15086,869,n/d,n/d,n/d,n/d
576,6233,Community care facilities for the elderly,51,83874,14671,701,248,43812,26006,2237,257,74669,19748,2001,210,47987,15331,1609
577,6239,Other residential care facilities,51,83874,14671,701,19,9306,10461,828,27,29840,12807,932,37,41336,13079,856
578,624,Social assistance,51,83874,14671,701,580,201753,143676,11189,668,411952,147513,13009,569,556108,204578,11723
579,6241,Individual and family services,51,83874,14671,701,270,111276,75348,6033,262,186291,61994,6333,170,120356,51310,4926
580,62411,Child and youth services,51,83874,14671,701,32,10976,5953,470,33,27153,12317,902,n/d,n/d,n/d,n/d
581,62412,Services for the elderly and persons with disabilities,51,83874,14671,701,84,50156,37847,3812,78,60403,28731,4045,n/d,n/d,n/d,n/d
582,62419,Other individual and family services,51,83874,14671,701,154,50143,31547,1750,151,98736,20945,1386,n/d,n/d,n/d,n/d
583,6242,"Community food and housing, and emergency and other relief services",51,83874,14671,701,45,15009,13101,919,43,49286,20652,1160,34,28466,12229,1016
584,6243,Vocational rehabilitation services,51,83874,14671,701,25,29642,16505,1120,29,50252,13021,1278,39,256783,90626,2112
585,6244,Child day care services,240,45826,51,83874,14671,701,38723,3116,334,126123,51847,4236,326,150503,50413,3669
586,71,"Arts, entertainment, and recreation",51,83874,14671,701,341,187328,62745,3024,434,370846,67040,3873,369,278975,45393,3115
587,711,"Performing arts, spectator sports, and related industries",51,83874,14671,701,146,70045,25104,924,167,216643,31410,1481,144,132724,15348,852
588,7111,Performing arts companies,51,83874,14671,701,35,10482,3394,181,29,42246,6443,202,35,14823,2272,155
589,7112,Spectator sports,51,83874,14671,701,31,32793,6760,307,42,103417,12247,618,44,74534,7508,424
590,7113,"Promoters of performing arts,51,83874,14671,701, sports, and similar events",49,15455,12444,358,48,47960,7386,490,33,26491,3060,162
591,7114,"Agents and managers for artists, athletes, entertainers, and other public figures",51,83874,14671,701,11,1628,553,15,13,8806,2743,54,12,5879,942,42
592,7115,"Independent artists, writers, and performers",51,83874,14671,701,20,9687,1954,61,35,14214,2592,116,20,10997,1566,69
593,712,"Museums, historical sites, and similar institutions",51,83874,14671,701,14,12023,6492,290,13,16152,6185,278,18,13690,3714,218
594,713,"Amusement, gambling, and recreation industries",51,83874,14671,701,181,105259,31149,1810,254,138050,29444,2114,207,132561,26331,2045
595,7131,Amusement parks and arcades,51,83874,14671,701,37,17138,4189,292,66,29463,4228,380,42,20590,3922,410
596,7132,Gambling industries,51,83874,14671,701,21,14725,4441,155,28,15296,3470,178,24,24837,2386,87
597,7139,Other amusement and recreation industries,51,83874,14671,701,123,73395,22518,1363,160,93292,21745,1555,141,87134,20023,1548
598,71391,Golf courses and country clubs,51,83874,14671,701,12,13895,7350,393,12,16989,5771,355,n/d,n/d,n/d,n/d
599,71393,Marinas,51,83874,14671,701,22,24402,3719,206,19,23887,4229,201,n/d,n/d,n/d,n/d
600,71394,Fitness and recreational sports centers,51,83874,14671,701,49,13682,6351,401,80,25476,6601,584,n/d,n/d,n/d,n/d
601,71395,Bowling centers,51,83874,14671,701,4,5084,1352,98,7,8268,1857,160,n/d,n/d,n/d,n/d
602,71399,All other amusement and recreation industries,51,83874,14671,701,36,16333,3747,264,42,18672,3286,254,n/d,n/d,n/d,n/d
603,72,Accommodation and food services,51,83874,14671,701,4084,4256139,1135032,74741,4152,3989750,934944,75748,4133,3360226,732147,63810
604,721,Accommodation,51,83874,14671,701,253,1275998,458366,15965,309,1195371,332053,17416,250,884318,257293,14167
605,7211,Traveler accommodation,51,83874,14671,701,237,1272050,457171,15768,298,1191336,331367,17341,232,880811,256383,14068
606,72111,Hotels (except casino hotels) and motels,51,83874,14671,701,172,502091,108857,5565,219,358158,109367,6672,172,231544,62203,4111
607,72112,Casino hotels,51,83874,14671,701,26,749862,341311,9608,21,806478,214973,10046,22,628194,188149,9473
608,72119,Other traveler accommodation,51,83874,14671,701,39,20097,7002,594,58,26699,7026,622,38,21073,6031,484
609,7212,RV (recreational vehicle) parks and recreational camps,51,83874,14671,701,7,1363,725,n/d,4,1016,204,22,7,1163,292,27
610,7213,Rooming and boarding houses,51,83874,14671,701,9,2585,471,46,7,3021,483,54,11,2344,618,72
611,722,Food services and drinking places,51,83874,14671,701,3831,2980141,676667,58776,3843,2794379,602892,58332,3883,2475908,474854,49643
612,7221,Full-service restaurants,51,83874,14671,701,n/d,n/d,n/d,n/d,829,699003,160573,13188,800,557311,117713,11780
613,7222,Limited-service eating places,51,83874,14671,701,n/d,n/d,n/d,n/d,2501,1540362,322087,34951,2675,1667857,314595,33819
614,7223,Special food services,51,83874,14671,701,178,250116,39321,2938,388,483906,104536,8837,190,177270,28842,2344
615,7224,Drinking places (alcoholic beverages),51,83874,14671,701,100,25365,6501,454,125,71109,15697,1358,218,73470,13704,1700
616,81,Other services (except public administration),51,83874,14671,701,2070,750512,224347,16144,2807,1285337,276820,16833,3324,1470563,281805,18417
617,811,Repair and maintenance,51,83874,14671,701,1158,402365,115857,9755,1345,571706,124022,7292,1562,603130,114668,7391
618,8111,Automotive repair and maintenance,51,83874,14671,701,776,205275,55523,3389,940,286352,61634,4207,1084,298493,54511,3985
619,81111,Automotive mechanical and electrical repair and maintenance,51,83874,14671,701,409,89755,28228,1700,518,164585,36185,2283,587,153902,24923,1936
620,81112,"Automotive body, paint, interior, and glass repair",51,83874,14671,701,204,55555,12484,785,238,68890,13818,962,279,71971,14342,996
621,81119,Other automotive repair and maintenance,51,83874,14671,701,163,59965,14811,904,184,52877,11632,962,218,72620,15246,1053
622,8112,Electronic and precision equipment repair and maintenance,51,83874,14671,701,108,73365,20683,4555,99,82563,16375,643,117,112001,23286,1035
623,8113,Commercial and industrial machinery and equipment (except automotive and electronic) repair and maintenance,51,83874,14671,701,165,93108,29183,1226,183,147532,32568,1552,219,156412,29192,1685
624,8114,Personal and household goods repair and maintenance,51,83874,14671,701,109,30616,10469,587,123,55258,13445,888,142,36224,7679,686
625,81141,Home and garden equipment and appliance repair and maintenance,51,83874,14671,701,59,19010,4534,265,57,23745,5825,335,63,16754,3017,269
626,81142,Reupholstery and furniture repair,51,83874,14671,701,12,1681,723,35,17,3919,1234,89,27,2222,426,60
627,81143,Footwear and leather goods repair,51,83874,14671,701,4,137,68,n/d,6,307,70,n/d,7,590,139,16
628,81149,Other personal and household goods repair and maintenance,51,83874,14671,701,34,9788,5144,282,43,27286,6316,457,45,16658,4097,341
629,812,Personal and laundry services,51,83874,14671,701,813,293020,87450,5425,961,371589,92322,6767,1128,430690,92884,6617
630,8121,Personal care services,51,83874,14671,701,301,80772,23815,1472,361,94754,25407,1957,442,92424,23270,2006
631,8122,Death care services,51,83874,14671,701,165,79105,19583,1009,167,99893,18466,1062,203,151889,25257,1119
632,81221,Funeral homes and funeral services,51,83874,14671,701,124,48780,11120,605,134,66175,12211,743,144,90247,12375,587
633,81222,Cemeteries and crematories,51,83874,14671,701,41,30324,8462,404,33,33717,6255,318,59,61642,12882,532
634,8123,Drycleaning and laundry services,51,83874,14671,701,187,64848,19402,1227,247,85528,24104,1696,286,83571,21858,1806
635,81231,Coin-operated laundries and drycleaners,51,83874,14671,701,26,3620,945,86,19,2046,490,51,38,4385,1045,110
636,81232,Drycleaning and laundry services (except coin-operated),51,83874,14671,701,146,20415,8110,670,211,41870,11589,1125,232,45323,11488,1140
637,81233,Linen and uniform supply,51,83874,14671,701,15,40815,10348,471,17,41613,12026,520,16,33863,9325,556
638,8129,Other personal services,51,83874,14671,701,160,68294,24649,1716,186,91412,24344,2053,197,102806,22499,1686
639,81291,Pet care (except veterinary) services,51,83874,14671,701,11,1540,720,52,11,1780,655,56,7,424,154,18
640,81292,Photofinishing,51,83874,14671,701,51,83874,14671,701,5,669,230,14,11,2943,481,49,22,20174,2859,135
641,81293,Parking lots and garages,51,83874,14671,701,122,54524,20978,1584,136,62195,19508,1687,126,61154,15450,1228
642,81299,All other personal services,51,83874,14671,701,22,11562,2723,67,28,24496,3701,262,42,21054,4036,305
643,813,"Religious, grantmaking, civic, professional, and similar organizations",51,83874,14671,701,99,55128,21040,964,501,342042,60477,2774,634,436743,74253,4409
644,8132,Grantmaking and giving services,51,83874,14671,701,29,21827,5404,176,27,65650,9953,365,29,22554,6131,279
645,8133,Social advocacy organizations,51,83874,14671,701,19,5302,4422,168,28,12771,4544,189,23,29625,5474,555
646,8134,Civic and social organizations,51,83874,14671,701,51,27999,11214,621,61,32838,8035,470,71,34273,7436,502
647,8139,"Business, professional, labor, political, and similar organizations",51,83874,14671,701,n/d,n/d,n/d,n/d,385,230783,37943,1750,511,350291,55212,3073
